{
    "faces":[41,0,1,2,3,0,1,2,3,0,1,2,3,41,6,5,9,10,4,4,4,4,4,5,6,7,41,0,4,5,1,4,4,4,4,0,8,5,1,41,1,5,6,2,4,4,4,4,1,5,4,2,41,2,6,7,3,4,4,4,4,2,4,9,3,41,4,0,3,7,4,4,4,4,8,0,3,9,41,11,10,14,15,4,4,4,4,10,7,11,12,41,5,4,8,9,4,4,4,4,5,8,13,6,41,7,6,10,11,4,4,4,4,9,4,7,10,41,4,7,11,8,4,4,4,4,8,9,10,13,41,12,15,14,13,5,6,7,8,14,12,11,15,41,8,11,15,12,4,4,4,4,13,10,12,14,41,10,9,13,14,4,4,4,4,7,6,15,11,41,9,8,12,13,4,4,4,4,6,13,14,15],
    "uvs":[[0.597074,0.47029,0.000103,0.47029,0.000103,0.000103,0.597074,0.000103,0,0,0.597279,0.000103,0.846437,0.000103,0.846437,0.999897,0.59728,0.999897]],
    "vertices":[1,0.592756,-3.51429,1,0.592756,1,-1,0.592756,1,-1,0.592756,-3.51429,1,1.87786,-3.51429,0.999999,1.87786,1,-1,1.87786,1,-1,1.87786,-3.51429,0.942064,1.88924,-3.38352,0.942063,1.88924,0.869229,-0.942064,1.88924,0.869228,-0.942063,1.88924,-3.38352,0.942064,0.831796,-3.38352,0.942063,0.831796,0.869229,-0.942064,0.831796,0.869228,-0.942063,0.831796,-3.38352],
    "metadata":{
        "faces":14,
        "type":"Geometry",
        "vertices":16,
        "generator":"io_three",
        "version":3,
        "uvs":1,
        "normals":16
    },
    "name":"CubeGeometry",
    "normals":[0.577349,-0.577349,-0.577349,0.577349,-0.577349,0.577349,-0.577349,-0.577349,0.577349,-0.577349,-0.577349,-0.577349,-0.58504,0.554735,0.59154,0.58504,0.554735,0.59154,-0.210974,0.935972,-0.281777,0.210974,0.935972,-0.281777,0.58504,0.554735,-0.59154,-0.58504,0.554735,-0.59154,0.210974,0.935972,0.281777,0.577349,0.577349,-0.577349,0.577349,0.577349,0.577349,-0.210974,0.935972,0.281777,-0.577349,0.577349,0.577349,-0.577349,0.577349,-0.577349]
}