{
    "faces":[41,2,0,1,3,0,0,0,0,0,1,2,3,41,3,7,6,2,0,0,0,0,3,4,5,0,41,7,5,4,6,0,0,0,0,4,6,7,5,41,0,4,5,1,0,0,0,0,1,7,6,2,41,2,6,11,9,0,0,0,0,0,5,8,9,41,5,7,3,1,0,0,0,0,6,4,3,2,41,10,8,12,14,1,2,3,4,10,11,12,13,41,4,0,8,10,0,0,0,0,7,1,11,10,41,6,4,10,11,0,0,0,0,5,7,10,8,41,0,2,9,8,0,0,0,0,1,0,9,11,41,12,13,15,14,3,5,6,4,12,14,15,13,41,9,11,15,13,7,8,6,5,9,8,15,14,41,11,10,14,15,8,1,4,6,8,10,13,15,41,8,9,13,12,2,7,5,3,11,9,14,12],
    "uvs":[[0,0,0.063112,0.999899,0.0001,0.0001,0.175586,0.19297,0.183383,0.764152,0.811062,0.235848,0.818859,0.80703,0.931333,0.000101,0.994345,0.9999]],
    "vertices":[-0.495221,3.22715,1.03658,-0.102192,3.66083,1.03658,-0.495221,3.22715,-3.53098,-0.102192,3.66083,-3.53098,0.986747,1.8841,1.03658,1.37977,2.31778,1.03658,0.986747,1.8841,-3.53098,1.37977,2.31778,-3.53098,-0.466766,3.13741,0.850814,-0.466766,3.13741,-3.34522,0.894658,1.90361,0.850814,0.894658,1.90361,-3.34522,-0.082528,3.5614,0.850814,-0.082528,3.5614,-3.34522,1.2789,2.3276,0.850814,1.2789,2.3276,-3.34522],
    "metadata":{
        "faces":14,
        "type":"Geometry",
        "vertices":16,
        "generator":"io_three",
        "version":3,
        "uvs":1,
        "normals":16
    },
    "name":"Cube.001Geometry.1",
    "normals":[-0.786706,0.024293,-0.61681,-0.786706,0.024293,0.61684,-0.040101,0.815485,0.577349,-0.040101,0.815485,-0.577349,0.815485,0.040101,-0.577349,0.101382,-0.780511,-0.61681,0.815485,0.040101,0.577349,0.101382,-0.780511,0.61684,-0.687857,-0.681997,0.248299,-0.611225,-0.751457,0.248299,-0.687857,-0.681997,-0.248299,-0.611225,-0.751457,-0.248299,0.040101,-0.815485,-0.577349,-0.815485,-0.040101,-0.577349,0.040101,-0.815485,0.577349,-0.815485,-0.040101,0.577349]
}